score,decision,empresa_existent,empresa_nova,municipi_existent,municipi_nou,senyals
0.999,PENDENT,PERE LLUCH MOLINARI,"Lluch Molinari, Pere",,Font-Rubí,"{""nou"": ""Lluch Molinari, Pere"", ""score"": 1, ""existent"": ""PERE LLUCH MOLINARI"", ""nom_similar"": true, ""mateixa_poblacio"": false}"
0.999,PENDENT,MIGUEL ANGEL DIAZ SORIANO,"Díaz Soriano, Miguel Angel",,Sitges,"{""nou"": ""Díaz Soriano, Miguel Angel"", ""score"": 1, ""existent"": ""MIGUEL ANGEL DIAZ SORIANO"", ""nom_similar"": true, ""mateixa_poblacio"": false}"
0.939,PENDENT,CELLERS DOMENYS I SECCIO DE CREDIT SCCL,CELLERS DOMENYS I SECCIO CREDIT SCCL,Sant Jaume dels Domenys,,"{""nou"": ""CELLERS DOMENYS I SECCIO CREDIT SCCL"", ""score"": 0.939393937587738, ""existent"": ""CELLERS DOMENYS I SECCIO DE CREDIT SCCL"", ""nom_similar"": true, ""mateixa_poblacio"": false}"
0.929,PENDENT,"SAT 4768 Masies d’Avinyó, Ltda.","SAT n. 4768 Masies d´Avinyó, LTDA",Sts. Maria Horta d’Avinyó,Santa Maria Horta d’Avinyó,"{""nou"": ""SAT n. 4768 Masies d´Avinyó, LTDA"", ""score"": 0.9285714030265808, ""existent"": ""SAT 4768 Masies d’Avinyó, Ltda."", ""nom_similar"": true, ""mateixa_poblacio"": false}"
0.926,PENDENT,CAVAS DEL CASTILLO DE PERELADA S.L,CAVAS CASTILLO DE PERELADA SL,Vilafranca del Penedès,,"{""nou"": ""CAVAS CASTILLO DE PERELADA SL"", ""score"": 0.9259259104728699, ""existent"": ""CAVAS DEL CASTILLO DE PERELADA S.L"", ""nom_similar"": true, ""mateixa_poblacio"": false}"
0.923,PENDENT,Solà i Raventós / Colldejuí S.L.,COLLDEJUI SL - SOLA RAVENTÓS,,,"{""nou"": ""COLLDEJUI SL - SOLA RAVENTÓS"", ""score"": 0.9230769276618958, ""existent"": ""Solà i Raventós / Colldejuí S.L."", ""nom_similar"": true, ""mateixa_poblacio"": false}"
0.914,PENDENT,AGRUPACIO VITICULTORS ARTESANALS S.L,"Agrupació de Viticultors Artesanals, SL",La Granada,La Granada,"{""nou"": ""Agrupació de Viticultors Artesanals, SL"", ""score"": 0.9142857193946838, ""existent"": ""AGRUPACIO VITICULTORS ARTESANALS S.L"", ""nom_similar"": true, ""mateixa_poblacio"": false}"
0.911,PENDENT,CLIENTS PENDENTS FORM. AMPOLLA PUNTA COLLITA 2.020,CLIENTS PENDENTS FORM. AMPOLLA PUNTA COLLITA 2.021,,,"{""nou"": ""CLIENTS PENDENTS FORM. AMPOLLA PUNTA COLLITA 2.021"", ""score"": 0.9111111164093018, ""existent"": ""CLIENTS PENDENTS FORM. AMPOLLA PUNTA COLLITA 2.020"", ""nom_similar"": true, ""mateixa_poblacio"": false}"
0.909,PENDENT,LA VINICOLA DE GANDESA S.L,VINÍCOLA DE GANDESA SL,Horta de Sant Joan / Gandesa,Horta de Sant Joan / Gandesa,"{""nou"": ""VINÍCOLA DE GANDESA SL"", ""score"": 0.9090909361839294, ""existent"": ""LA VINICOLA DE GANDESA S.L"", ""nom_similar"": true, ""mateixa_poblacio"": false}"
0.900,PENDENT,LLUIS VICH SASTRE f ‘,LLUIS VICH SASTRE,,,"{""nou"": ""LLUIS VICH SASTRE"", ""score"": 0.8999999761581421, ""existent"": ""LLUIS VICH SASTRE f ‘"", ""nom_similar"": true, ""mateixa_poblacio"": false}"
0.893,PENDENT,te COLET ROMERO ELABORADORS S.L,COLET ROMERO ELABORADORS SL,,Sant Sadurní d'Anoia,"{""nou"": ""COLET ROMERO ELABORADORS SL"", ""score"": 0.8928571343421936, ""existent"": ""te COLET ROMERO ELABORADORS S.L"", ""nom_similar"": true, ""mateixa_poblacio"": false}"
0.893,PENDENT,BLANCHER CAPDEVILA PUJOL S.A .. SF,"Blancher Capdevila Pujol, SA",,Sant Sadurní d’Anoia,"{""nou"": ""Blancher Capdevila Pujol, SA"", ""score"": 0.8928571343421936, ""existent"": ""BLANCHER CAPDEVILA PUJOL S.A .. SF"", ""nom_similar"": true, ""mateixa_poblacio"": false}"
0.886,PENDENT,UNIDAD TECNICA DE INNOVACION Y DESA.S.L,UNIDAD TECNICA DE INNOVACION Y D,,,"{""nou"": ""UNIDAD TECNICA DE INNOVACION Y D"", ""score"": 0.8857142925262451, ""existent"": ""UNIDAD TECNICA DE INNOVACION Y DESA.S.L"", ""nom_similar"": true, ""mateixa_poblacio"": false}"
0.879,PENDENT,AGRUPACIO VITICULTORS ARTESANALS S.L,AGRUPACIO VITICULTORS ARTESANA,La Granada,,"{""nou"": ""AGRUPACIO VITICULTORS ARTESANA"", ""score"": 0.8787878751754761, ""existent"": ""AGRUPACIO VITICULTORS ARTESANALS S.L"", ""nom_similar"": true, ""mateixa_poblacio"": false}"
0.875,PENDENT,SADEVE S,SADEVE SA,Torrelavit,Torrelavit,"{""nou"": ""SADEVE SA"", ""score"": 0.875, ""existent"": ""SADEVE S"", ""nom_similar"": true, ""mateixa_poblacio"": false}"
0.875,PENDENT,PERE LLOPART VILAROS,"Llopart Vilarós Pere, HJ",,Subirats,"{""nou"": ""Llopart Vilarós Pere, HJ"", ""score"": 0.875, ""existent"": ""PERE LLOPART VILAROS"", ""nom_similar"": true, ""mateixa_poblacio"": false}"
0.870,PENDENT,"Garcia Carrion 1890, SL",GARCIA CARRION 1890 LS,Vilanova i La Geltrú,,"{""nou"": ""GARCIA CARRION 1890 LS"", ""score"": 0.8695651888847351, ""existent"": ""Garcia Carrion 1890, SL"", ""nom_similar"": true, ""mateixa_poblacio"": false}"
0.857,PENDENT,MR. ROC WINE & EVENTS,Mr. Roc Wines & Events,,,"{""nou"": ""Mr. Roc Wines & Events"", ""score"": 0.8571428656578064, ""existent"": ""MR. ROC WINE & EVENTS"", ""nom_similar"": true, ""mateixa_poblacio"": false}"
0.833,PENDENT,CELLERS CAL COSTAS SL,"Celler Cal Costas, SL",,Font-Rubí,"{""nou"": ""Celler Cal Costas, SL"", ""score"": 0.8333333134651184, ""existent"": ""CELLERS CAL COSTAS SL"", ""nom_similar"": true, ""mateixa_poblacio"": false}"
0.824,PENDENT,NURIA POCH URPI,POCH URPI NURI,,,"{""nou"": ""POCH URPI NURI"", ""score"": 0.8235294222831726, ""existent"": ""NURIA POCH URPI"", ""nom_similar"": true, ""mateixa_poblacio"": false}"
0.818,PENDENT,CODORNIU S,"Codorniu, SA",Sant Sadurní d'Anoia,Sant Esteve Sesrovires,"{""nou"": ""Codorniu, SA"", ""score"": 0.8181818127632141, ""existent"": ""CODORNIU S"", ""nom_similar"": true, ""mateixa_poblacio"": false}"
0.818,PENDENT,DALMAU HNOS Y CIA SA,DALMAU HNOS. Y CIA SUC S.A.,,,"{""nou"": ""DALMAU HNOS. Y CIA SUC S.A."", ""score"": 0.8181818127632141, ""existent"": ""DALMAU HNOS Y CIA SA"", ""nom_similar"": true, ""mateixa_poblacio"": false}"
0.813,PENDENT,"Marques De La Concordia Family Of Wines, S.L.U.","Marques de Monistrol – Marqués de la Concordia Family of Wines, SL",Sant Sadurní d'Anoia,Sant Sadurní d’Anoia,"{""nou"": ""Marques de Monistrol – Marqués de la Concordia Family of Wines, SL"", ""score"": 0.8125, ""existent"": ""Marques De La Concordia Family Of Wines, S.L.U."", ""nom_similar"": true, ""mateixa_poblacio"": false}"
0.806,PENDENT,"Agrupació de Viticultors Artesanals, SL",AGRUPACIO VITICULTORS ARTESANA,La Granada,,"{""nou"": ""AGRUPACIO VITICULTORS ARTESANA"", ""score"": 0.8055555820465088, ""existent"": ""Agrupació de Viticultors Artesanals, SL"", ""nom_similar"": true, ""mateixa_poblacio"": false}"
0.800,PENDENT,"Montserrat Esteve, Pedro",MONTSERRAT ESTEVE MARTIN PEDRO,Sant Sadurní d'Anoia,,"{""nou"": ""MONTSERRAT ESTEVE MARTIN PEDRO"", ""score"": 0.800000011920929, ""existent"": ""Montserrat Esteve, Pedro"", ""nom_similar"": true, ""mateixa_poblacio"": false}"
0.784,PENDENT,BRINS D'OPORTUNITATS EMPRESA D'INSERCIO S.L,BRINS D´OPORTUNITATS EMPRESA D´,,,"{""nou"": ""BRINS D´OPORTUNITATS EMPRESA D´"", ""score"": 0.7837837934494019, ""existent"": ""BRINS D'OPORTUNITATS EMPRESA D'INSERCIO S.L"", ""nom_similar"": true, ""mateixa_poblacio"": false}"
0.783,PENDENT,Mª BLANCA BUTÍ MASANA,"Buti Masana, Maria Blanca",,Sant Sadurní d'Anoia,"{""nou"": ""Buti Masana, Maria Blanca"", ""score"": 0.782608687877655, ""existent"": ""Mª BLANCA BUTÍ MASANA"", ""nom_similar"": true, ""mateixa_poblacio"": false}"
0.769,PENDENT,UNITED WINERIES ESTATES S.A.U,UNITED WENERIES ESTATES S.L.U,,,"{""nou"": ""UNITED WENERIES ESTATES S.L.U"", ""score"": 0.7692307829856873, ""existent"": ""UNITED WINERIES ESTATES S.A.U"", ""nom_similar"": true, ""mateixa_poblacio"": false}"
0.765,PENDENT,LA GRAMANOSA S.L dys,La Gramanosa,,,"{""nou"": ""La Gramanosa"", ""score"": 0.7647058963775635, ""existent"": ""LA GRAMANOSA S.L dys"", ""nom_similar"": true, ""mateixa_poblacio"": false}"
0.750,PENDENT,DERIVADOS VITIVINICOLES GARRIDO SLU,DERIVADOS VITIVINICOLES SLU,,,"{""nou"": ""DERIVADOS VITIVINICOLES SLU"", ""score"": 0.75, ""existent"": ""DERIVADOS VITIVINICOLES GARRIDO SLU"", ""nom_similar"": true, ""mateixa_poblacio"": false}"
0.750,PENDENT,BERRAL I MIRO SL,BERRAL Y MIRÓ SL,Sant Sadurní d'Anoia,,"{""nou"": ""BERRAL Y MIRÓ SL"", ""score"": 0.75, ""existent"": ""BERRAL I MIRO SL"", ""nom_similar"": true, ""mateixa_poblacio"": false}"
0.750,PENDENT,JOAN RAVENTOS ROSELL S.L,RAVENTOS ROSELL S.L,,Masquefa,"{""nou"": ""RAVENTOS ROSELL S.L"", ""score"": 0.75, ""existent"": ""JOAN RAVENTOS ROSELL S.L"", ""nom_similar"": true, ""mateixa_poblacio"": false}"
0.750,PENDENT,AGUSTI TORELLO SA,Agustí Torelló Mata,Sant Sadurní d'Anoia,Sant Sadurní d'Anoia,"{""nou"": ""Agustí Torelló Mata"", ""score"": 0.75, ""existent"": ""AGUSTI TORELLO SA"", ""nom_similar"": true, ""mateixa_poblacio"": false}"
0.743,PENDENT,COOPERATIVA AGRÍCOLA DE BATEA,"Cooperativa Agrícola de Barberà, SCCL",Batea,Barberà de la Conca,"{""nou"": ""Cooperativa Agrícola de Barberà, SCCL"", ""score"": 0.7428571581840515, ""existent"": ""COOPERATIVA AGRÍCOLA DE BATEA"", ""nom_similar"": true, ""mateixa_poblacio"": false}"
0.743,PENDENT,DASHANG INVESTMENT TRADING S,DASHANG INVESTMENT TRADING ESPAÑA SLU,,,"{""nou"": ""DASHANG INVESTMENT TRADING ESPAÑA SLU"", ""score"": 0.7428571581840515, ""existent"": ""DASHANG INVESTMENT TRADING S"", ""nom_similar"": true, ""mateixa_poblacio"": false}"
0.741,PENDENT,FRANCISCO DOMINGUEZ,Francisco Dominguez Cruces,,Sant Sadurní d'Anoia,"{""nou"": ""Francisco Dominguez Cruces"", ""score"": 0.7407407164573669, ""existent"": ""FRANCISCO DOMINGUEZ"", ""nom_similar"": true, ""mateixa_poblacio"": false}"
0.741,PENDENT,PERE MONTSERRAT ESTEVE,"Montserrat Esteve, Pedro",,Sant Sadurní d'Anoia,"{""nou"": ""Montserrat Esteve, Pedro"", ""score"": 0.7407407164573669, ""existent"": ""PERE MONTSERRAT ESTEVE"", ""nom_similar"": true, ""mateixa_poblacio"": false}"
0.739,PENDENT,JOAN SEGURA PUJADAS ‘,SEGURA PUJADES JOAN,Torrelavit,,"{""nou"": ""SEGURA PUJADES JOAN"", ""score"": 0.739130437374115, ""existent"": ""JOAN SEGURA PUJADAS ‘"", ""nom_similar"": true, ""mateixa_poblacio"": false}"
0.737,PENDENT,TORRENS MOLINER S.L,TORRENTS MOLINER SL,Sant Sadurní d'Anoia,,"{""nou"": ""TORRENTS MOLINER SL"", ""score"": 0.7368420958518982, ""existent"": ""TORRENS MOLINER S.L"", ""nom_similar"": true, ""mateixa_poblacio"": false}"
0.714,PENDENT,DALMAU HNOS. Y CIA SUC S.A.,"Dalmau Hermanos y Cía. Suc., SA",,Tarragona,"{""nou"": ""Dalmau Hermanos y Cía. Suc., SA"", ""score"": 0.7142857313156128, ""existent"": ""DALMAU HNOS. Y CIA SUC S.A."", ""nom_similar"": true, ""mateixa_poblacio"": false}"
0.704,PENDENT,SUCESORES DE RAFAEL DE CAMPS S.C.P,"Suc. De Rafael De Camps, S.C.P.",,Subirats,"{""nou"": ""Suc. De Rafael De Camps, S.C.P."", ""score"": 0.7037037014961243, ""existent"": ""SUCESORES DE RAFAEL DE CAMPS S.C.P"", ""nom_similar"": true, ""mateixa_poblacio"": false}"
0.704,PENDENT,JAUME ROSINES POCH,Cava Rusines / Jaume Rosines Poch,,,"{""nou"": ""Cava Rusines / Jaume Rosines Poch"", ""score"": 0.7037037014961243, ""existent"": ""JAUME ROSINES POCH"", ""nom_similar"": true, ""mateixa_poblacio"": false}"
0.688,PENDENT,VC MONASTELL SL,"V.C. Monastell, S.L.",,Sant Sadurní d'Anoia,"{""nou"": ""V.C. Monastell, S.L."", ""score"": 0.6875, ""existent"": ""VC MONASTELL SL"", ""nom_similar"": true, ""mateixa_poblacio"": false}"
0.684,PENDENT,MASIA PUIGMOLTO S.L,MASIA PUIGMULTÓ SL,Castellet i La Gornal,,"{""nou"": ""MASIA PUIGMULTÓ SL"", ""score"": 0.6842105388641357, ""existent"": ""MASIA PUIGMOLTO S.L"", ""nom_similar"": true, ""mateixa_poblacio"": false}"
0.682,PENDENT,J. GARCIA CARRION SA,"Garcia Carrion 1890, SL",Madrid,Vilanova i La Geltrú,"{""nou"": ""Garcia Carrion 1890, SL"", ""score"": 0.6818181872367859, ""existent"": ""J. GARCIA CARRION SA"", ""nom_similar"": true, ""mateixa_poblacio"": false}"
0.682,PENDENT,BODEGUES SUMARROCA,BODEGAS SUMARROCA SL,Subirats,,"{""nou"": ""BODEGAS SUMARROCA SL"", ""score"": 0.6818181872367859, ""existent"": ""BODEGUES SUMARROCA"", ""nom_similar"": true, ""mateixa_poblacio"": false}"
0.667,PENDENT,CELLERS ALSINA S.L,CELLERS ALZINA,El Pla del Penedès,,"{""nou"": ""CELLERS ALZINA"", ""score"": 0.6666666865348816, ""existent"": ""CELLERS ALSINA S.L"", ""nom_similar"": true, ""mateixa_poblacio"": false}"
0.667,PENDENT,Rovellats,Cava Rovellats,Sant Martí Sarroca,,"{""nou"": ""Cava Rovellats"", ""score"": 0.6666666865348816, ""existent"": ""Rovellats"", ""nom_similar"": true, ""mateixa_poblacio"": false}"
0.667,PENDENT,Rebbe JORDI LLUCH LLUCH,"Lluch Lluch, Jordi",,Sant Quintí de Mediona,"{""nou"": ""Lluch Lluch, Jordi"", ""score"": 0.6666666865348816, ""existent"": ""Rebbe JORDI LLUCH LLUCH"", ""nom_similar"": true, ""mateixa_poblacio"": false}"
0.667,PENDENT,"Celler Coop i SC de Vila-rodona, SCCL – Bràfim","Celler Cooperatiu i SC de Vila-Rodona, SCCL",Bràfim,Vila-Rodona,"{""nou"": ""Celler Cooperatiu i SC de Vila-Rodona, SCCL"", ""score"": 0.6666666865348816, ""existent"": ""Celler Coop i SC de Vila-rodona, SCCL – Bràfim"", ""nom_similar"": true, ""mateixa_poblacio"": false}"
0.667,PENDENT,FELIX MASSANA S.L,Fèlix Massana Ràfols,Subirats,Sant Pau d'Ordal,"{""nou"": ""Fèlix Massana Ràfols"", ""score"": 0.6666666865348816, ""existent"": ""FELIX MASSANA S.L"", ""nom_similar"": true, ""mateixa_poblacio"": false}"
0.654,PENDENT,BODEGUES CAN N'ESTELLA S.L,Bodega Ca N'Estella,Sant Esteve Sesrovires,,"{""nou"": ""Bodega Ca N'Estella"", ""score"": 0.6538461446762085, ""existent"": ""BODEGUES CAN N'ESTELLA S.L"", ""nom_similar"": true, ""mateixa_poblacio"": false}"
0.650,PENDENT,EUDALD MASSANA NOYA,"Massana Noya, S.L.",,Subirats,"{""nou"": ""Massana Noya, S.L."", ""score"": 0.6499999761581421, ""existent"": ""EUDALD MASSANA NOYA"", ""nom_similar"": true, ""mateixa_poblacio"": false}"
0.643,PENDENT,"Centre Vinícola del Penedès, SCCL – L’Arboç (Camí Taberner)","Centre Vinícola del Penedès, SCCL – L’Arboç (Km. 3,8)",L’Arboç,L’Arboç,"{""nou"": ""Centre Vinícola del Penedès, SCCL – L’Arboç (Km. 3,8)"", ""score"": 0.6428571343421936, ""existent"": ""Centre Vinícola del Penedès, SCCL – L’Arboç (Camí Taberner)"", ""nom_similar"": true, ""mateixa_poblacio"": false}"
0.643,PENDENT,ALMIRALL SCP,Almirall SCP / Cava Almirall,,,"{""nou"": ""Almirall SCP / Cava Almirall"", ""score"": 0.6428571343421936, ""existent"": ""ALMIRALL SCP"", ""nom_similar"": true, ""mateixa_poblacio"": false}"
0.636,PENDENT,"Agrícola i Secció de Crèdit de Salomó, SCCL","Agrícola i Secció de Crèdit La Ginesta, SCCL",Salomó,Ginestar,"{""nou"": ""Agrícola i Secció de Crèdit La Ginesta, SCCL"", ""score"": 0.6363636255264282, ""existent"": ""Agrícola i Secció de Crèdit de Salomó, SCCL"", ""nom_similar"": true, ""mateixa_poblacio"": false}"
0.634,PENDENT,CELLERS DE L'ARBOÇ I SECCIO CREDIT SCCL,CELLERS DOMENYS I SECCIO DE CREDIT SCCL,L'Arboç,Sant Jaume dels Domenys,"{""nou"": ""CELLERS DOMENYS I SECCIO DE CREDIT SCCL"", ""score"": 0.6341463327407837, ""existent"": ""CELLERS DE L'ARBOÇ I SECCIO CREDIT SCCL"", ""nom_similar"": true, ""mateixa_poblacio"": false}"
0.632,PENDENT,FELIX MASSANA S.L,ROS MASANA FELIX,Subirats,,"{""nou"": ""ROS MASANA FELIX"", ""score"": 0.6315789222717285, ""existent"": ""FELIX MASSANA S.L"", ""nom_similar"": true, ""mateixa_poblacio"": false}"
0.625,PENDENT,CASTELO DE PEDRAGOSA SL,Castelo Pedregosa S.L.,Sant Sadurní d'Anoia,,"{""nou"": ""Castelo Pedregosa S.L."", ""score"": 0.625, ""existent"": ""CASTELO DE PEDRAGOSA SL"", ""nom_similar"": true, ""mateixa_poblacio"": false}"
0.621,PENDENT,MONTSERRAT DURAN ESTEVE,PERE MONTSERRAT ESTEVE,,,"{""nou"": ""PERE MONTSERRAT ESTEVE"", ""score"": 0.6206896305084229, ""existent"": ""MONTSERRAT DURAN ESTEVE"", ""nom_similar"": true, ""mateixa_poblacio"": false}"
0.618,PENDENT,Celler Cooperatiu La Granada,"CELLER COOP. I SC LA GRANADA, SCCL",La Granada,,"{""nou"": ""CELLER COOP. I SC LA GRANADA, SCCL"", ""score"": 0.6176470518112183, ""existent"": ""Celler Cooperatiu La Granada"", ""nom_similar"": true, ""mateixa_poblacio"": false}"
0.611,PENDENT,OLIVELLA BONET S.A,OLIVELLA BORI SL,,,"{""nou"": ""OLIVELLA BORI SL"", ""score"": 0.6111111044883728, ""existent"": ""OLIVELLA BONET S.A"", ""nom_similar"": true, ""mateixa_poblacio"": false}"
0.609,PENDENT,JOAN SURIA PASCUAL,PERE SURIA PASCUAL,,,"{""nou"": ""PERE SURIA PASCUAL"", ""score"": 0.6086956262588501, ""existent"": ""JOAN SURIA PASCUAL"", ""nom_similar"": true, ""mateixa_poblacio"": false}"
0.606,PENDENT,PERE MONTSERRAT ESTEVE,MONTSERRAT ESTEVE MARTIN PEDRO,,,"{""nou"": ""MONTSERRAT ESTEVE MARTIN PEDRO"", ""score"": 0.6060606241226196, ""existent"": ""PERE MONTSERRAT ESTEVE"", ""nom_similar"": true, ""mateixa_poblacio"": false}"
0.600,PENDENT,CELLER CAL SERRADOR S.L,"Celler Serra, SL",,Ascó,"{""nou"": ""Celler Serra, SL"", ""score"": 0.6000000238418579, ""existent"": ""CELLER CAL SERRADOR S.L"", ""nom_similar"": true, ""mateixa_poblacio"": false}"
0.600,PENDENT,MONTSERRAT DURAN ESTEVE,"Montserrat Esteve, Pedro",,Sant Sadurní d'Anoia,"{""nou"": ""Montserrat Esteve, Pedro"", ""score"": 0.6000000238418579, ""existent"": ""MONTSERRAT DURAN ESTEVE"", ""nom_similar"": true, ""mateixa_poblacio"": false}"
0.600,PENDENT,J. GARCIA CARRION SA,GARCIA CARRION 1890 LS,Madrid,,"{""nou"": ""GARCIA CARRION 1890 LS"", ""score"": 0.6000000238418579, ""existent"": ""J. GARCIA CARRION SA"", ""nom_similar"": true, ""mateixa_poblacio"": false}"
0.600,PENDENT,COOPERATIVA AGRÍCOLA DE BATEA,"Cooperativa Agrícola de l’Argilaga, SCCL",Batea,La Secuita,"{""nou"": ""Cooperativa Agrícola de l’Argilaga, SCCL"", ""score"": 0.6000000238418579, ""existent"": ""COOPERATIVA AGRÍCOLA DE BATEA"", ""nom_similar"": true, ""mateixa_poblacio"": false}"
0.593,PENDENT,ANTONIO GARRIDO ROMAN,ANTONIO GARRIDO URRA,,,"{""nou"": ""ANTONIO GARRIDO URRA"", ""score"": 0.5925925970077515, ""existent"": ""ANTONIO GARRIDO ROMAN"", ""nom_similar"": true, ""mateixa_poblacio"": false}"
0.588,PENDENT,Castell d'Age,Castell d'Or,La Beguda Baixa,Vila-rodona,"{""nou"": ""Castell d'Or"", ""score"": 0.5882353186607361, ""existent"": ""Castell d'Age"", ""nom_similar"": true, ""mateixa_poblacio"": false}"
0.585,PENDENT,CELLERS DE L'ARBOÇ I SECCIO CREDIT SCCL,CELLERS DOMENYS I SECCIO CREDIT SCCL,L'Arboç,,"{""nou"": ""CELLERS DOMENYS I SECCIO CREDIT SCCL"", ""score"": 0.5853658318519592, ""existent"": ""CELLERS DE L'ARBOÇ I SECCIO CREDIT SCCL"", ""nom_similar"": true, ""mateixa_poblacio"": false}"
0.585,PENDENT,"Cooperativa Agrícola de Barberà, SCCL","Cooperativa Agrícola de l’Argilaga, SCCL",Barberà de la Conca,La Secuita,"{""nou"": ""Cooperativa Agrícola de l’Argilaga, SCCL"", ""score"": 0.5853658318519592, ""existent"": ""Cooperativa Agrícola de Barberà, SCCL"", ""nom_similar"": true, ""mateixa_poblacio"": false}"
0.583,PENDENT,SCS. DE F. MASENS S.A,S.C.S. Masens,,,"{""nou"": ""S.C.S. Masens"", ""score"": 0.5833333134651184, ""existent"": ""SCS. DE F. MASENS S.A"", ""nom_similar"": true, ""mateixa_poblacio"": false}"
0.579,PENDENT,VENTAS COMPTAT,VENDES COMPTAT,,,"{""nou"": ""VENDES COMPTAT"", ""score"": 0.5789473652839661, ""existent"": ""VENTAS COMPTAT"", ""nom_similar"": true, ""mateixa_poblacio"": false}"
0.571,PENDENT,Llopart,Llopart Güell,Els Casots - Subirats,Guardiola de Font-Rubí,"{""nou"": ""Llopart Güell"", ""score"": 0.5714285969734192, ""existent"": ""Llopart"", ""nom_similar"": true, ""mateixa_poblacio"": false}"
0.571,PENDENT,DALMAU HNOS Y CIA SA,"Dalmau Hermanos y Cía. Suc., SA",,Tarragona,"{""nou"": ""Dalmau Hermanos y Cía. Suc., SA"", ""score"": 0.5714285969734192, ""existent"": ""DALMAU HNOS Y CIA SA"", ""nom_similar"": true, ""mateixa_poblacio"": false}"
0.568,PENDENT,COOPERATIVA VINICOLA LA VIÑA,"Cooperativa Vinícola del Penedès, SCCL",La Font de la Figuera,Sant Sadurní d’Anoia,"{""nou"": ""Cooperativa Vinícola del Penedès, SCCL"", ""score"": 0.5675675868988037, ""existent"": ""COOPERATIVA VINICOLA LA VIÑA"", ""nom_similar"": true, ""mateixa_poblacio"": false}"
0.565,PENDENT,"Cellers Domenys i SC, SCCL – Blancafort","Cellers Domenys i SC, SCCL – Rocafort de Queralt",Blancafort,Rocafort de Queralt,"{""nou"": ""Cellers Domenys i SC, SCCL – Rocafort de Queralt"", ""score"": 0.5652173757553101, ""existent"": ""Cellers Domenys i SC, SCCL – Blancafort"", ""nom_similar"": true, ""mateixa_poblacio"": false}"
0.563,PENDENT,"Celler Cooperatiu d'Artes, S.C.C.L.","Celler Cooperatiu de Moja, SCCL",Artés,Olèrdola,"{""nou"": ""Celler Cooperatiu de Moja, SCCL"", ""score"": 0.5625, ""existent"": ""Celler Cooperatiu d'Artes, S.C.C.L."", ""nom_similar"": true, ""mateixa_poblacio"": false}"
0.563,PENDENT,Celler Familia Pedregosa Castelo,Castelo Pedregosa S.L.,Sant Sadurní d'Anoia,,"{""nou"": ""Castelo Pedregosa S.L."", ""score"": 0.5625, ""existent"": ""Celler Familia Pedregosa Castelo"", ""nom_similar"": true, ""mateixa_poblacio"": false}"
0.560,PENDENT,"Cooperativa Agrícola i CA Llorenç del Penedès, SCCL","Cooperativa Vinícola del Penedès, SCCL",Llorenç del Penedès,Sant Sadurní d’Anoia,"{""nou"": ""Cooperativa Vinícola del Penedès, SCCL"", ""score"": 0.5600000023841858, ""existent"": ""Cooperativa Agrícola i CA Llorenç del Penedès, SCCL"", ""nom_similar"": true, ""mateixa_poblacio"": false}"
0.556,PENDENT,FREIXENET S.A.,Henkell Freixenet,Sant Sadurní d'Anoia,,"{""nou"": ""Henkell Freixenet"", ""score"": 0.5555555820465088, ""existent"": ""FREIXENET S.A."", ""nom_similar"": true, ""mateixa_poblacio"": false}"
0.556,PENDENT,CELLERS MOST DORÉ S.L,MOST DORÉ,Sant Sadurní d'Anoia,,"{""nou"": ""MOST DORÉ"", ""score"": 0.5555555820465088, ""existent"": ""CELLERS MOST DORÉ S.L"", ""nom_similar"": true, ""mateixa_poblacio"": false}"
0.556,PENDENT,EUDALD MASSANA NOYA,Celler Eudald Massana,,Sant Pau d'Ordal,"{""nou"": ""Celler Eudald Massana"", ""score"": 0.5555555820465088, ""existent"": ""EUDALD MASSANA NOYA"", ""nom_similar"": true, ""mateixa_poblacio"": false}"
0.556,PENDENT,Sumarroca,BODEGAS SUMARROCA SL,Subirats,,"{""nou"": ""BODEGAS SUMARROCA SL"", ""score"": 0.5555555820465088, ""existent"": ""Sumarroca"", ""nom_similar"": true, ""mateixa_poblacio"": false}"
0.556,PENDENT,FREIXENET S.A.,Freixenet Gratien,Sant Sadurní d'Anoia,,"{""nou"": ""Freixenet Gratien"", ""score"": 0.5555555820465088, ""existent"": ""FREIXENET S.A."", ""nom_similar"": true, ""mateixa_poblacio"": false}"
0.552,PENDENT,PERE MARIMON MONTSERRAT,PERE MONTSERRAT ESTEVE,,,"{""nou"": ""PERE MONTSERRAT ESTEVE"", ""score"": 0.5517241358757019, ""existent"": ""PERE MARIMON MONTSERRAT"", ""nom_similar"": true, ""mateixa_poblacio"": false}"
0.549,PENDENT,"Centre Vinícola del Penedès, SCCL – Bellvei del Penedès","Centre Vinícola del Penedès, SCCL – L’Arboç (Km. 3,8)",Bellvei del Penedès,L’Arboç,"{""nou"": ""Centre Vinícola del Penedès, SCCL – L’Arboç (Km. 3,8)"", ""score"": 0.5490196347236633, ""existent"": ""Centre Vinícola del Penedès, SCCL – Bellvei del Penedès"", ""nom_similar"": true, ""mateixa_poblacio"": false}"
0.548,PENDENT,CAVAS BERNARD MASSARD S.A.,ke CAVES BERNARD MASSARD S.A (NOOOOO),,,"{""nou"": ""ke CAVES BERNARD MASSARD S.A (NOOOOO)"", ""score"": 0.5483871102333069, ""existent"": ""CAVAS BERNARD MASSARD S.A."", ""nom_similar"": true, ""mateixa_poblacio"": false}"
0.545,PENDENT,"Vinicola De Sarral I Secció De Credit, S.C.C.L.","Agrícola i Secció de Crèdit de Salomó, SCCL",Sarral,Salomó,"{""nou"": ""Agrícola i Secció de Crèdit de Salomó, SCCL"", ""score"": 0.5454545617103577, ""existent"": ""Vinicola De Sarral I Secció De Credit, S.C.C.L."", ""nom_similar"": true, ""mateixa_poblacio"": false}"
0.545,PENDENT,VINS NADAL S.L,Nadal,Torrelavit,Torrelavit,"{""nou"": ""Nadal"", ""score"": 0.5454545617103577, ""existent"": ""VINS NADAL S.L"", ""nom_similar"": true, ""mateixa_poblacio"": false}"
0.543,PENDENT,Explotacions Sadum{ Begues SA,"Explotaciones Sadurni Begas, S.A.",,Begues,"{""nou"": ""Explotaciones Sadurni Begas, S.A."", ""score"": 0.5428571701049805, ""existent"": ""Explotacions Sadum{ Begues SA"", ""nom_similar"": true, ""mateixa_poblacio"": false}"
0.540,PENDENT,"Cooperativa Agrícola Sant Jaume de Benissanet, SCCL","Cooperativa Agrícola Sant Josep, SCCL",Benissanet,Bot,"{""nou"": ""Cooperativa Agrícola Sant Josep, SCCL"", ""score"": 0.5400000214576721, ""existent"": ""Cooperativa Agrícola Sant Jaume de Benissanet, SCCL"", ""nom_similar"": true, ""mateixa_poblacio"": false}"
0.538,PENDENT,J. PUJADO SL,Mas Pujadó,Ordal,Subirats,"{""nou"": ""Mas Pujadó"", ""score"": 0.5384615659713745, ""existent"": ""J. PUJADO SL"", ""nom_similar"": true, ""mateixa_poblacio"": false}"
0.533,PENDENT,AGUSTI TORELLO SA,Torelló,Sant Sadurní d'Anoia,Gelida,"{""nou"": ""Torelló"", ""score"": 0.5333333611488342, ""existent"": ""AGUSTI TORELLO SA"", ""nom_similar"": true, ""mateixa_poblacio"": false}"
0.531,PENDENT,J. GARCIA CARRION SA,"J. García Carrión, SA – Celler La Bleda",Madrid,Sant Martí Sarroca (La Bleda),"{""nou"": ""J. García Carrión, SA – Celler La Bleda"", ""score"": 0.53125, ""existent"": ""J. GARCIA CARRION SA"", ""nom_similar"": true, ""mateixa_poblacio"": false}"
0.529,PENDENT,ROVELLATSSA : wie,Rovellats,Sant Martí Sarroca,Sant Martí Sarroca,"{""nou"": ""Rovellats"", ""score"": 0.529411792755127, ""existent"": ""ROVELLATSSA : wie"", ""nom_similar"": true, ""mateixa_poblacio"": false}"
0.529,PENDENT,CAL’EUGENI S.C,CA L´EUGENI S.C.P,,,"{""nou"": ""CA L´EUGENI S.C.P"", ""score"": 0.529411792755127, ""existent"": ""CAL’EUGENI S.C"", ""nom_similar"": true, ""mateixa_poblacio"": false}"
0.529,PENDENT,"Masolive, S.A.",Carbomas / Masolive S.A.,Sant Sadurní d'Anoia,,"{""nou"": ""Carbomas / Masolive S.A."", ""score"": 0.529411792755127, ""existent"": ""Masolive, S.A."", ""nom_similar"": true, ""mateixa_poblacio"": false}"
0.526,PENDENT,CELLERS MARIOL S.L,Cellers Maset,Batea,La Granada,"{""nou"": ""Cellers Maset"", ""score"": 0.5263158082962036, ""existent"": ""CELLERS MARIOL S.L"", ""nom_similar"": true, ""mateixa_poblacio"": false}"
0.526,PENDENT,L'OLIVERA SCCL - CAN CALOPA,"L’Olivera, SCCL",Barcelona,Vallbona de les Monges,"{""nou"": ""L’Olivera, SCCL"", ""score"": 0.5263158082962036, ""existent"": ""L'OLIVERA SCCL - CAN CALOPA"", ""nom_similar"": true, ""mateixa_poblacio"": false}"
0.526,PENDENT,BODEGUES SUMARROCA,Sumarroca,Subirats,Subirats,"{""nou"": ""Sumarroca"", ""score"": 0.5263158082962036, ""existent"": ""BODEGUES SUMARROCA"", ""nom_similar"": true, ""mateixa_poblacio"": false}"
0.526,PENDENT,J.B. BERGER S.A.,"J.B. Berger, SA – Olèrdola",Santa Fe del Penedès,Olèrdola,"{""nou"": ""J.B. Berger, SA – Olèrdola"", ""score"": 0.5263158082962036, ""existent"": ""J.B. BERGER S.A."", ""nom_similar"": true, ""mateixa_poblacio"": false}"
0.525,PENDENT,"Cellers Domenys i SC, SCCL – Blancafort","Cellers Domenys i SC, SCCL – Rodonyà",Blancafort,Rodonyà,"{""nou"": ""Cellers Domenys i SC, SCCL – Rodonyà"", ""score"": 0.5249999761581421, ""existent"": ""Cellers Domenys i SC, SCCL – Blancafort"", ""nom_similar"": true, ""mateixa_poblacio"": false}"
0.520,PENDENT,ROS MASANA FELIX,Fèlix Massana Ràfols,,Sant Pau d'Ordal,"{""nou"": ""Fèlix Massana Ràfols"", ""score"": 0.5199999809265137, ""existent"": ""ROS MASANA FELIX"", ""nom_similar"": true, ""mateixa_poblacio"": false}"
0.519,PENDENT,"Centre Vinícola del Penedès, SCCL – Bellvei del Penedès","Centre Vinícola del Penedès, SCCL – Sant Sadurní d’Anoia",Bellvei del Penedès,Sant Sadurní d’Anoia,"{""nou"": ""Centre Vinícola del Penedès, SCCL – Sant Sadurní d’Anoia"", ""score"": 0.5185185074806213, ""existent"": ""Centre Vinícola del Penedès, SCCL – Bellvei del Penedès"", ""nom_similar"": true, ""mateixa_poblacio"": false}"
0.515,PENDENT,"Celler Cooperatiu d'Artes, S.C.C.L.","Celler Cooperatiu Gandesa, SCCL",Artés,Gandesa,"{""nou"": ""Celler Cooperatiu Gandesa, SCCL"", ""score"": 0.5151515007019043, ""existent"": ""Celler Cooperatiu d'Artes, S.C.C.L."", ""nom_similar"": true, ""mateixa_poblacio"": false}"
0.515,PENDENT,"Celler Cooperatiu de Moja, SCCL","Celler Cooperatiu Gandesa, SCCL",Olèrdola,Gandesa,"{""nou"": ""Celler Cooperatiu Gandesa, SCCL"", ""score"": 0.5151515007019043, ""existent"": ""Celler Cooperatiu de Moja, SCCL"", ""nom_similar"": true, ""mateixa_poblacio"": false}"
0.515,PENDENT,CELLER COOPERATIU CORNUDELLA,"Celler Cooperatiu Gandesa, SCCL",Cornudella de Montsant,Gandesa,"{""nou"": ""Celler Cooperatiu Gandesa, SCCL"", ""score"": 0.5151515007019043, ""existent"": ""CELLER COOPERATIU CORNUDELLA"", ""nom_similar"": true, ""mateixa_poblacio"": false}"
0.515,PENDENT,CELLER COOPERATIU CORNUDELLA,"Celler Cooperatiu de Moja, SCCL",Cornudella de Montsant,Olèrdola,"{""nou"": ""Celler Cooperatiu de Moja, SCCL"", ""score"": 0.5151515007019043, ""existent"": ""CELLER COOPERATIU CORNUDELLA"", ""nom_similar"": true, ""mateixa_poblacio"": false}"
0.515,PENDENT,CELLER COOPERATIU CORNUDELLA,"Celler Cooperatiu d'Artes, S.C.C.L.",Cornudella de Montsant,Artés,"{""nou"": ""Celler Cooperatiu d'Artes, S.C.C.L."", ""score"": 0.5151515007019043, ""existent"": ""CELLER COOPERATIU CORNUDELLA"", ""nom_similar"": true, ""mateixa_poblacio"": false}"
0.514,PENDENT,CELLER COOPERATIU CORNUDELLA,Celler Cooperatiu La Granada,Cornudella de Montsant,La Granada,"{""nou"": ""Celler Cooperatiu La Granada"", ""score"": 0.5142857432365417, ""existent"": ""CELLER COOPERATIU CORNUDELLA"", ""nom_similar"": true, ""mateixa_poblacio"": false}"
0.512,PENDENT,COOPERATIVA AGRÍCOLA DE BATEA,"Cooperativa Agrícola Sant Josep, SCCL",Batea,Bot,"{""nou"": ""Cooperativa Agrícola Sant Josep, SCCL"", ""score"": 0.5121951103210449, ""existent"": ""COOPERATIVA AGRÍCOLA DE BATEA"", ""nom_similar"": true, ""mateixa_poblacio"": false}"
0.500,PENDENT,"Enric Nadal, SLU",Nadal,Torrelavit,Torrelavit,"{""nou"": ""Nadal"", ""score"": 0.5, ""existent"": ""Enric Nadal, SLU"", ""nom_similar"": true, ""mateixa_poblacio"": false}"
0.500,PENDENT,CELLER CAN PAGES S.L.,Celler Can Marlès,Avinyonet del Penedès,El Montmell,"{""nou"": ""Celler Can Marlès"", ""score"": 0.5, ""existent"": ""CELLER CAN PAGES S.L."", ""nom_similar"": true, ""mateixa_poblacio"": false}"
0.500,PENDENT,"Cellers Domenys i SC, SCCL – Rocafort de Queralt","Cellers Domenys i SC, SCCL – Rodonyà",Rocafort de Queralt,Rodonyà,"{""nou"": ""Cellers Domenys i SC, SCCL – Rodonyà"", ""score"": 0.5, ""existent"": ""Cellers Domenys i SC, SCCL – Rocafort de Queralt"", ""nom_similar"": true, ""mateixa_poblacio"": false}"
0.500,PENDENT,CELLER VELL S.A,Celler Viader,Sant Sadurní d'Anoia,Gelida,"{""nou"": ""Celler Viader"", ""score"": 0.5, ""existent"": ""CELLER VELL S.A"", ""nom_similar"": true, ""mateixa_poblacio"": false}"
0.500,PENDENT,COOPERATIVA AGRÍCOLA DE BATEA,"Cooperativa Agrícola Sant Jaume de Benissanet, SCCL",Batea,Benissanet,"{""nou"": ""Cooperativa Agrícola Sant Jaume de Benissanet, SCCL"", ""score"": 0.5, ""existent"": ""COOPERATIVA AGRÍCOLA DE BATEA"", ""nom_similar"": true, ""mateixa_poblacio"": false}"
0.500,PENDENT,Miquel Jané,"Eikon Estate, SL MIQUEL JANÉ",Font-Rubí,Font-Rubí,"{""nou"": ""Eikon Estate, SL MIQUEL JANÉ"", ""score"": 0.5, ""existent"": ""Miquel Jané"", ""nom_similar"": true, ""mateixa_poblacio"": false}"
0.500,PENDENT,"Eikon Estate, SL","Eikon Estate, SL MIQUEL JANÉ",Font-Rubí,Font-Rubí,"{""nou"": ""Eikon Estate, SL MIQUEL JANÉ"", ""score"": 0.5, ""existent"": ""Eikon Estate, SL"", ""nom_similar"": true, ""mateixa_poblacio"": false}"
0.500,PENDENT,MONTSERRAT DURAN ESTEVE,MONTSERRAT ESTEVE MARTIN PEDRO,,,"{""nou"": ""MONTSERRAT ESTEVE MARTIN PEDRO"", ""score"": 0.5, ""existent"": ""MONTSERRAT DURAN ESTEVE"", ""nom_similar"": true, ""mateixa_poblacio"": false}"
0.500,PENDENT,ANTONIO MASCARO SL,Mascaró,Vilafranca del Penedès,Vilafranca del Penedès,"{""nou"": ""Mascaró"", ""score"": 0.5, ""existent"": ""ANTONIO MASCARO SL"", ""nom_similar"": true, ""mateixa_poblacio"": false}"
0.500,PENDENT,"Bodegas Muga, S.L.","Bodegas Muviedro, SA",Haro,Requena,"{""nou"": ""Bodegas Muviedro, SA"", ""score"": 0.5, ""existent"": ""Bodegas Muga, S.L."", ""nom_similar"": true, ""mateixa_poblacio"": false}"
0.500,PENDENT,MAS BERTRAN VITICULTORS S.L,Mas Bertran,Sant Martí Sarroca,Sant Martí Sarroca,"{""nou"": ""Mas Bertran"", ""score"": 0.5, ""existent"": ""MAS BERTRAN VITICULTORS S.L"", ""nom_similar"": true, ""mateixa_poblacio"": false}"
0.500,PENDENT,"Cooperativa Agrícola de Barberà, SCCL","Cooperativa Agrícola Sant Josep, SCCL",Barberà de la Conca,Bot,"{""nou"": ""Cooperativa Agrícola Sant Josep, SCCL"", ""score"": 0.5, ""existent"": ""Cooperativa Agrícola de Barberà, SCCL"", ""nom_similar"": true, ""mateixa_poblacio"": false}"
0.491,PENDENT,"Centre Vinícola del Penedès, SCCL – Bellvei del Penedès","Centre Vinícola del Penedès, SCCL – L’Arboç (Camí Taberner)",Bellvei del Penedès,L’Arboç,"{""nou"": ""Centre Vinícola del Penedès, SCCL – L’Arboç (Camí Taberner)"", ""score"": 0.4912280738353729, ""existent"": ""Centre Vinícola del Penedès, SCCL – Bellvei del Penedès"", ""nom_similar"": true, ""mateixa_poblacio"": false}"
0.490,PENDENT,"Vinicola De Sarral I Secció De Credit, S.C.C.L.","Vinicola I Sec. Credit S. Isidre De Nulles, S.C.C.L.",Sarral,Nulles,"{""nou"": ""Vinicola I Sec. Credit S. Isidre De Nulles, S.C.C.L."", ""score"": 0.4897959232330322, ""existent"": ""Vinicola De Sarral I Secció De Credit, S.C.C.L."", ""nom_similar"": true, ""mateixa_poblacio"": false}"
0.490,PENDENT,"Cooperativa Agrícola de Barberà, SCCL","Cooperativa Agrícola Sant Jaume de Benissanet, SCCL",Barberà de la Conca,Benissanet,"{""nou"": ""Cooperativa Agrícola Sant Jaume de Benissanet, SCCL"", ""score"": 0.4901960790157318, ""existent"": ""Cooperativa Agrícola de Barberà, SCCL"", ""nom_similar"": true, ""mateixa_poblacio"": false}"
0.489,PENDENT,"Cooperativa Agrícola de Barberà, SCCL","Cooperativa Agrícola i SC Terra Alta, SCCL",Barberà de la Conca,La Pobla de Massaluca,"{""nou"": ""Cooperativa Agrícola i SC Terra Alta, SCCL"", ""score"": 0.4888888895511627, ""existent"": ""Cooperativa Agrícola de Barberà, SCCL"", ""nom_similar"": true, ""mateixa_poblacio"": false}"
0.488,PENDENT,"Cellers Domenys i SC, SCCL – Rodonyà","Cellers Domenys i SC, SCCL – Sant Jaume dels Domenys",Rodonyà,Sant Jaume dels Domenys,"{""nou"": ""Cellers Domenys i SC, SCCL – Sant Jaume dels Domenys"", ""score"": 0.4883720874786377, ""existent"": ""Cellers Domenys i SC, SCCL – Rodonyà"", ""nom_similar"": true, ""mateixa_poblacio"": false}"
0.485,PENDENT,CAN GALLEGO VITICULTORS SCP,VITICULTORS DE CAN SUMOI S.L.U,,,"{""nou"": ""VITICULTORS DE CAN SUMOI S.L.U"", ""score"": 0.4848484992980957, ""existent"": ""CAN GALLEGO VITICULTORS SCP"", ""nom_similar"": true, ""mateixa_poblacio"": false}"
0.484,PENDENT,Martí Grau Viticultors,Ros Marina Viticultors,Sant Martí Sarroca,Guardiola de Font-rubi,"{""nou"": ""Ros Marina Viticultors"", ""score"": 0.4838709533214569, ""existent"": ""Martí Grau Viticultors"", ""nom_similar"": true, ""mateixa_poblacio"": false}"
0.484,PENDENT,ALEJANDRO GARRIDO ROMAN,ANTONIO GARRIDO ROMAN,,,"{""nou"": ""ANTONIO GARRIDO ROMAN"", ""score"": 0.4838709533214569, ""existent"": ""ALEJANDRO GARRIDO ROMAN"", ""nom_similar"": true, ""mateixa_poblacio"": false}"
0.483,PENDENT,"Centre Vinícola del Penedès, SCCL – L’Arboç (Km. 3,8)","Centre Vinícola del Penedès, SCCL – Sant Sadurní d’Anoia",L’Arboç,Sant Sadurní d’Anoia,"{""nou"": ""Centre Vinícola del Penedès, SCCL – Sant Sadurní d’Anoia"", ""score"": 0.4833333194255829, ""existent"": ""Centre Vinícola del Penedès, SCCL – L’Arboç (Km. 3,8)"", ""nom_similar"": true, ""mateixa_poblacio"": false}"
0.480,PENDENT,OLIVER VITICULTORS S.L ‘,Mulet Viticultors,Subirats,Vilafranca del Penedès,"{""nou"": ""Mulet Viticultors"", ""score"": 0.47999998927116394, ""existent"": ""OLIVER VITICULTORS S.L ‘"", ""nom_similar"": true, ""mateixa_poblacio"": false}"
0.480,PENDENT,Mulet Viticultors,"Espelt Viticultors, SL",Vilafranca del Penedès,Vilajuïga,"{""nou"": ""Espelt Viticultors, SL"", ""score"": 0.47999998927116394, ""existent"": ""Mulet Viticultors"", ""nom_similar"": true, ""mateixa_poblacio"": false}"
0.480,PENDENT,Celler Can Marlès,"Celler Carles Andreu, S.L.",El Montmell,Pira,"{""nou"": ""Celler Carles Andreu, S.L."", ""score"": 0.47999998927116394, ""existent"": ""Celler Can Marlès"", ""nom_similar"": true, ""mateixa_poblacio"": false}"
0.480,PENDENT,Mª BLANCA BUTÍ MASANA,Caves Butí Masana,,,"{""nou"": ""Caves Butí Masana"", ""score"": 0.47999998927116394, ""existent"": ""Mª BLANCA BUTÍ MASANA"", ""nom_similar"": true, ""mateixa_poblacio"": false}"
0.478,PENDENT,"PARATO VINÍCOLA S.L ; &","Vinicola Del Pais, S.A.U.",El Pla del Penedès,Castellví de la Marca,"{""nou"": ""Vinicola Del Pais, S.A.U."", ""score"": 0.47826087474823, ""existent"": ""PARATO VINÍCOLA S.L ; &"", ""nom_similar"": true, ""mateixa_poblacio"": false}"
0.476,PENDENT,CELLER CAL FERU S.L,"Celler Cal Costas, SL",,Font-Rubí,"{""nou"": ""Celler Cal Costas, SL"", ""score"": 0.4761904776096344, ""existent"": ""CELLER CAL FERU S.L"", ""nom_similar"": true, ""mateixa_poblacio"": false}"
0.476,PENDENT,"Celler Cooperatiu de Moja, SCCL","Celler Cooperatiu i SC de Vila-Rodona, SCCL",Olèrdola,Vila-Rodona,"{""nou"": ""Celler Cooperatiu i SC de Vila-Rodona, SCCL"", ""score"": 0.4761904776096344, ""existent"": ""Celler Cooperatiu de Moja, SCCL"", ""nom_similar"": true, ""mateixa_poblacio"": false}"
0.472,PENDENT,Celler Cooperatiu La Granada,"Celler Cooperatiu d'Artes, S.C.C.L.",La Granada,Artés,"{""nou"": ""Celler Cooperatiu d'Artes, S.C.C.L."", ""score"": 0.4722222089767456, ""existent"": ""Celler Cooperatiu La Granada"", ""nom_similar"": true, ""mateixa_poblacio"": false}"
0.472,PENDENT,VITICULTORS DE CAN SUMOI S.L.U,Celler de Viticultors SAT CAT 22,,Vilanova i la Geltrú,"{""nou"": ""Celler de Viticultors SAT CAT 22"", ""score"": 0.4722222089767456, ""existent"": ""VITICULTORS DE CAN SUMOI S.L.U"", ""nom_similar"": true, ""mateixa_poblacio"": false}"
0.472,PENDENT,Celler Cooperatiu La Granada,"Celler Cooperatiu de Moja, SCCL",La Granada,Olèrdola,"{""nou"": ""Celler Cooperatiu de Moja, SCCL"", ""score"": 0.4722222089767456, ""existent"": ""Celler Cooperatiu La Granada"", ""nom_similar"": true, ""mateixa_poblacio"": false}"
0.471,PENDENT,BODEGAS LAN SA,Bodegas 1898 S.L.,Fuenmayor,Fonollosa,"{""nou"": ""Bodegas 1898 S.L."", ""score"": 0.47058823704719543, ""existent"": ""BODEGAS LAN SA"", ""nom_similar"": true, ""mateixa_poblacio"": false}"
0.471,PENDENT,BODEGAS LAN SA,"Bodegas Muga, S.L.",Fuenmayor,Haro,"{""nou"": ""Bodegas Muga, S.L."", ""score"": 0.47058823704719543, ""existent"": ""BODEGAS LAN SA"", ""nom_similar"": true, ""mateixa_poblacio"": false}"
0.471,PENDENT,CAL SABATE S.C.P,SABATÉ I COCA SA,,,"{""nou"": ""SABATÉ I COCA SA"", ""score"": 0.47058823704719543, ""existent"": ""CAL SABATE S.C.P"", ""nom_similar"": true, ""mateixa_poblacio"": false}"
0.469,PENDENT,"Vinicola De Sarral I Secció De Credit, S.C.C.L.","Agrícola i Secció de Crèdit La Ginesta, SCCL",Sarral,Ginestar,"{""nou"": ""Agrícola i Secció de Crèdit La Ginesta, SCCL"", ""score"": 0.4693877696990967, ""existent"": ""Vinicola De Sarral I Secció De Credit, S.C.C.L."", ""nom_similar"": true, ""mateixa_poblacio"": false}"
0.468,PENDENT,"Centre Vinícola del Penedès, SCCL – Bellvei del Penedès","Cooperativa Vinícola del Penedès, SCCL",Bellvei del Penedès,Sant Sadurní d’Anoia,"{""nou"": ""Cooperativa Vinícola del Penedès, SCCL"", ""score"": 0.4680851101875305, ""existent"": ""Centre Vinícola del Penedès, SCCL – Bellvei del Penedès"", ""nom_similar"": true, ""mateixa_poblacio"": false}"
0.467,PENDENT,Pere Olivella Galimany,"Olivella Rovira, Pere",Font-Rubí,Font-Rubí,"{""nou"": ""Olivella Rovira, Pere"", ""score"": 0.46666666865348816, ""existent"": ""Pere Olivella Galimany"", ""nom_similar"": true, ""mateixa_poblacio"": false}"
0.467,PENDENT,COOPERATIVA AGRÍCOLA DE BATEA,"Cooperativa Agrícola i SC Terra Alta, SCCL",Batea,La Pobla de Massaluca,"{""nou"": ""Cooperativa Agrícola i SC Terra Alta, SCCL"", ""score"": 0.46666666865348816, ""existent"": ""COOPERATIVA AGRÍCOLA DE BATEA"", ""nom_similar"": true, ""mateixa_poblacio"": false}"
0.467,PENDENT,"Aymar Vitivinícoles, SL",DERIVADOS VITIVINICOLES SLU,Vimbodí,,"{""nou"": ""DERIVADOS VITIVINICOLES SLU"", ""score"": 0.46666666865348816, ""existent"": ""Aymar Vitivinícoles, SL"", ""nom_similar"": true, ""mateixa_poblacio"": false}"
0.467,PENDENT,BODEGAS PINORD S.A,Pinord,Vilafranca del Penedès,Vilafranca del Penedès,"{""nou"": ""Pinord"", ""score"": 0.46666666865348816, ""existent"": ""BODEGAS PINORD S.A"", ""nom_similar"": true, ""mateixa_poblacio"": false}"
0.467,PENDENT,JAUME RIBAS NOGUES,JOSEP MARIA RIBAS NOGUES,,,"{""nou"": ""JOSEP MARIA RIBAS NOGUES"", ""score"": 0.46666666865348816, ""existent"": ""JAUME RIBAS NOGUES"", ""nom_similar"": true, ""mateixa_poblacio"": false}"
0.467,PENDENT,CELLERS JOSEP Mª FERRET,JOSEP FERRET I MATEU,Font-Rubí,,"{""nou"": ""JOSEP FERRET I MATEU"", ""score"": 0.46666666865348816, ""existent"": ""CELLERS JOSEP Mª FERRET"", ""nom_similar"": true, ""mateixa_poblacio"": false}"
0.467,PENDENT,Celler Domenys,"Cellers Domenys i SC, SCCL – Rodonyà",Sant Jaume dels Domenys,Rodonyà,"{""nou"": ""Cellers Domenys i SC, SCCL – Rodonyà"", ""score"": 0.46666666865348816, ""existent"": ""Celler Domenys"", ""nom_similar"": true, ""mateixa_poblacio"": false}"
0.467,PENDENT,Mas Candí,"Can Dez Mas, SL",Avinyonet del Penedès,Esparreguera,"{""nou"": ""Can Dez Mas, SL"", ""score"": 0.46666666865348816, ""existent"": ""Mas Candí"", ""nom_similar"": true, ""mateixa_poblacio"": false}"
0.464,PENDENT,Mulet Viticultors,Ros Marina Viticultors,Vilafranca del Penedès,Guardiola de Font-rubi,"{""nou"": ""Ros Marina Viticultors"", ""score"": 0.4642857015132904, ""existent"": ""Mulet Viticultors"", ""nom_similar"": true, ""mateixa_poblacio"": false}"
0.464,PENDENT,Martí Grau Viticultors,Mulet Viticultors,Sant Martí Sarroca,Vilafranca del Penedès,"{""nou"": ""Mulet Viticultors"", ""score"": 0.4642857015132904, ""existent"": ""Martí Grau Viticultors"", ""nom_similar"": true, ""mateixa_poblacio"": false}"
0.463,PENDENT,"Cellers Domenys i SC, SCCL – Rodonyà",CELLERS DOMENYS I SECCIO CREDIT SCCL,Rodonyà,,"{""nou"": ""CELLERS DOMENYS I SECCIO CREDIT SCCL"", ""score"": 0.46341463923454285, ""existent"": ""Cellers Domenys i SC, SCCL – Rodonyà"", ""nom_similar"": true, ""mateixa_poblacio"": false}"
0.462,PENDENT,Mulet Viticultors,"Viticultors Bateans, SCCL",Vilafranca del Penedès,Batea,"{""nou"": ""Viticultors Bateans, SCCL"", ""score"": 0.4615384638309479, ""existent"": ""Mulet Viticultors"", ""nom_similar"": true, ""mateixa_poblacio"": false}"
0.462,PENDENT,"Bodegas Muviedro, SA","Bodegas Pedro Masana, SA",Requena,Móra la Nova,"{""nou"": ""Bodegas Pedro Masana, SA"", ""score"": 0.4615384638309479, ""existent"": ""Bodegas Muviedro, SA"", ""nom_similar"": true, ""mateixa_poblacio"": false}"
0.462,PENDENT,OLIVER VITICULTORS S.L ‘,"Espelt Viticultors, SL",Subirats,Vilajuïga,"{""nou"": ""Espelt Viticultors, SL"", ""score"": 0.4615384638309479, ""existent"": ""OLIVER VITICULTORS S.L ‘"", ""nom_similar"": true, ""mateixa_poblacio"": false}"
0.462,PENDENT,HERETAT MAS JORNET SL ‘,HERETAT MAS TINELL SL,,Vilafranca del Penedès,"{""nou"": ""HERETAT MAS TINELL SL"", ""score"": 0.4615384638309479, ""existent"": ""HERETAT MAS JORNET SL ‘"", ""nom_similar"": true, ""mateixa_poblacio"": false}"
0.462,PENDENT,"Agrícola de Corbera d’Ebre, SCCL","Cooperativa Agrícola de Barberà, SCCL",Corbera d’Ebre,Barberà de la Conca,"{""nou"": ""Cooperativa Agrícola de Barberà, SCCL"", ""score"": 0.4615384638309479, ""existent"": ""Agrícola de Corbera d’Ebre, SCCL"", ""nom_similar"": true, ""mateixa_poblacio"": false}"
0.459,PENDENT,"Colomer Elaboradors Artesans, S.L.",COLET ROMERO ELABORADORS SL,Sant Sadurní d'Anoia,Sant Sadurní d'Anoia,"{""nou"": ""COLET ROMERO ELABORADORS SL"", ""score"": 0.45945945382118225, ""existent"": ""Colomer Elaboradors Artesans, S.L."", ""nom_similar"": true, ""mateixa_poblacio"": false}"
0.458,PENDENT,BODEGAS LAN SA,BODEGAS LANGA HERMANOS SL,Fuenmayor,Calatayud,"{""nou"": ""BODEGAS LANGA HERMANOS SL"", ""score"": 0.4583333432674408, ""existent"": ""BODEGAS LAN SA"", ""nom_similar"": true, ""mateixa_poblacio"": false}"
0.457,PENDENT,"Cellers Domenys i SC, SCCL – Blancafort","Cellers Domenys i SC, SCCL – Sant Jaume dels Domenys",Blancafort,Sant Jaume dels Domenys,"{""nou"": ""Cellers Domenys i SC, SCCL – Sant Jaume dels Domenys"", ""score"": 0.45652174949645996, ""existent"": ""Cellers Domenys i SC, SCCL – Blancafort"", ""nom_similar"": true, ""mateixa_poblacio"": false}"
0.456,PENDENT,"Agr. I Sec. De Credit De Llorenç Del Penedes, S.C.C.L.","Cooperativa Agrícola i CA Llorenç del Penedès, SCCL",Llorenç del Penedès,Llorenç del Penedès,"{""nou"": ""Cooperativa Agrícola i CA Llorenç del Penedès, SCCL"", ""score"": 0.45614033937454224, ""existent"": ""Agr. I Sec. De Credit De Llorenç Del Penedes, S.C.C.L."", ""nom_similar"": true, ""mateixa_poblacio"": false}"
0.456,PENDENT,"Celler Cooperatiu i SC de R.L. Sant Miquel de Batea, SCCL","Celler Cooperatiu i SC de Vila-Rodona, SCCL",Batea,Vila-Rodona,"{""nou"": ""Celler Cooperatiu i SC de Vila-Rodona, SCCL"", ""score"": 0.45614033937454224, ""existent"": ""Celler Cooperatiu i SC de R.L. Sant Miquel de Batea, SCCL"", ""nom_similar"": true, ""mateixa_poblacio"": false}"
0.455,PENDENT,MASIA CAN MAYOL SL,Loxarel / Can Mayol,Vilobí del Penedès,,"{""nou"": ""Loxarel / Can Mayol"", ""score"": 0.4545454680919647, ""existent"": ""MASIA CAN MAYOL SL"", ""nom_similar"": true, ""mateixa_poblacio"": false}"
0.455,PENDENT,CELLER CAN BATLLE S.L,CELLER CAN PAGES S.L.,Avinyonet del Penedès,Avinyonet del Penedès,"{""nou"": ""CELLER CAN PAGES S.L."", ""score"": 0.4545454680919647, ""existent"": ""CELLER CAN BATLLE S.L"", ""nom_similar"": true, ""mateixa_poblacio"": false}"
0.455,PENDENT,BODEGAS FARIÑA SL,"Bodegas Faustino, S.L.",Casaseca de las Chanas,Oyón,"{""nou"": ""Bodegas Faustino, S.L."", ""score"": 0.4545454680919647, ""existent"": ""BODEGAS FARIÑA SL"", ""nom_similar"": true, ""mateixa_poblacio"": false}"
0.452,PENDENT,COLET VITICULTORS S.L pee OGLE,Mulet Viticultors,,Vilafranca del Penedès,"{""nou"": ""Mulet Viticultors"", ""score"": 0.4516128897666931, ""existent"": ""COLET VITICULTORS S.L pee OGLE"", ""nom_similar"": true, ""mateixa_poblacio"": false}"
